Heston_Call,Last,Diff,Calls,Vol,Bid,Days,Daily,Date,Maturity,Ask,OpenInt,Heston_Vol,Strike,Market_Vol,Net,Stock
4.8827784237793725,0,0.02739726,17 Mar 8.50 (SDS1710C8.5),0,4.65,10,0.046,07-03-2017,17-03-2017,5.15,0,nan,8.5,nan,0,13.396
3.87576183391187,0,0.02739726,17 Mar 9.50 (SDS1710C9.5),0,3.5,10,0.046,07-03-2017,17-03-2017,4.3,0,nan,9.5,nan,0,13.396
3.4172680293715665,4,0.02739726,17 Mar 10.00 (SDS1710C10),0,3.1,10,0.046,07-03-2017,17-03-2017,3.65,13,nan,10,nan,0,13.396
2.891843749669169,0,0.02739726,17 Mar 10.50 (SDS1710C10.5),0,2.45,10,0.046,07-03-2017,17-03-2017,3.2,0,nan,10.5,nan,0,13.396
2.385204866327319,0,0.02739726,17 Mar 11.00 (SDS1710C11),0,2.04,10,0.046,07-03-2017,17-03-2017,2.63,0,nan,11,nan,0,13.396
1.9251176958550182,0,0.02739726,17 Mar 11.50 (SDS1710C11.5),0,1.65,10,0.046,07-03-2017,17-03-2017,2.78,0,nan,11.5,3.8048351829253355,0,13.396
1.393443843833115,0,0.02739726,17 Mar 12.00 (SDS1710C12),0,1.17,10,0.046,07-03-2017,17-03-2017,1.61,0,2.422010420789941,12,2.417651974107306,0,13.396
0.9293295341822976,0,0.02739726,17 Mar 12.50 (SDS1710C12.5),0,0.66,10,0.046,07-03-2017,17-03-2017,1.12,0,1.5603642460565565,12.5,1.5122073681314736,0,13.396
0.5445746877201518,0.4,0.02739726,17 Mar 13.00 (SDS1710C13),210,0.33,10,0.046,07-03-2017,17-03-2017,0.45,1185,0.8334879344750403,13,0.6502729140017572,0.06,13.396
0.1846978517525928,0.04,0.02739726,17 Mar 13.50 (SDS1710C13.5),529,0.03,10,0.046,07-03-2017,17-03-2017,0.06,2451,0.1423636638599865,13.5,nan,-0.01,13.396
-0.004979478047749897,0.01,0.02739726,17 Mar 14.00 (SDS1710C14),0,0,10,0.046,07-03-2017,17-03-2017,0.01,943,-0.14892018897725087,14,nan,0,13.396
0.0038638312107157347,0.03,0.02739726,17 Mar 14.50 (SDS1710C14.5),0,0,10,0.046,07-03-2017,17-03-2017,0.11,252,nan,14.5,nan,0,13.396
0.02367514477392213,0.06,0.02739726,17 Mar 15.00 (SDS1710C15),0,0,10,0.046,07-03-2017,17-03-2017,0.13,14,nan,15,nan,0,13.396
-0.015484666206528191,0.39,0.02739726,17 Mar 15.50 (SDS1710C15.5),0,0,10,0.046,07-03-2017,17-03-2017,0.03,6,-0.4831092092387571,15.5,nan,0,13.396
-0.02158091104944171,0,0.02739726,17 Mar 16.00 (SDS1710C16),0,0,10,0.046,07-03-2017,17-03-2017,0.3,0,nan,16,nan,0,13.396
0.019479526569059727,0,0.02739726,17 Mar 16.50 (SDS1710C16.5),0,0,10,0.046,07-03-2017,17-03-2017,0.46,0,nan,16.5,nan,0,13.396
0.026002411310326934,0,0.02739726,17 Mar 17.00 (SDS1710C17),0,0,10,0.046,07-03-2017,17-03-2017,0.48,0,nan,17,nan,0,13.396
-0.013141854671912347,0,0.02739726,17 Mar 17.50 (SDS1710C17.5),0,0,10,0.046,07-03-2017,17-03-2017,0.48,0,nan,17.5,nan,0,13.396
-0.02702980399279989,0,0.02739726,17 Mar 18.00 (SDS1710C18),0,0,10,0.046,07-03-2017,17-03-2017,0.33,0,nan,18,nan,0,13.396
0.007885167061872408,0,0.02739726,17 Mar 18.50 (SDS1710C18.5),0,0,10,0.046,07-03-2017,17-03-2017,0.49,0,nan,18.5,nan,0,13.396
0.035321228452434114,0,0.02739726,17 Mar 19.00 (SDS1710C19),0,0,10,0.046,07-03-2017,17-03-2017,0.34,0,nan,19,nan,0,13.396
0.014359541815710142,0,0.02739726,17 Mar 19.50 (SDS1710C19.5),0,0,10,0.046,07-03-2017,17-03-2017,0.49,0,nan,19.5,nan,0,13.396
-0.022482397547759977,0,0.02739726,17 Mar 20.00 (SDS1710C20),0,0,10,0.046,07-03-2017,17-03-2017,0.48,0,nan,20,nan,0,13.396
-0.022751753132639406,0,0.02739726,17 Mar 20.50 (SDS1710C20.5),0,0,10,0.046,07-03-2017,17-03-2017,0.33,0,nan,20.5,nan,0,13.396
0.01373405580266384,0,0.02739726,17 Mar 21.00 (SDS1710C21),0,0,10,0.046,07-03-2017,17-03-2017,0.46,0,nan,21,nan,0,13.396
0.0403017918060483,0,0.02739726,17 Mar 21.50 (SDS1710C21.5),0,0,10,0.046,07-03-2017,17-03-2017,0.48,0,nan,21.5,nan,0,13.396
0.025591142395516242,0,0.02739726,17 Mar 22.00 (SDS1710C22),0,0,10,0.046,07-03-2017,17-03-2017,0.47,0,nan,22,nan,0,13.396
-0.01122785449419203,0,0.02739726,17 Mar 22.50 (SDS1710C22.5),0,0,10,0.046,07-03-2017,17-03-2017,0.49,0,nan,22.5,nan,0,13.396
-0.027344982957032603,0,0.02739726,17 Mar 23.00 (SDS1710C23),0,0,10,0.046,07-03-2017,17-03-2017,0.49,0,nan,23,nan,0,13.396
-0.005115276760997989,0,0.02739726,17 Mar 23.50 (SDS1710C23.5),0,0,10,0.046,07-03-2017,17-03-2017,0.5,0,nan,23.5,nan,0,13.396
0.03213214620752514,0,0.02739726,17 Mar 24.00 (SDS1710C24),0,0,10,0.046,07-03-2017,17-03-2017,0.47,0,nan,24,nan,0,13.396
0.04758233465051104,0,0.02739726,17 Mar 24.50 (SDS1710C24.5),0,0,10,0.046,07-03-2017,17-03-2017,0.48,0,nan,24.5,nan,0,13.396
0.0277719136439254,0,0.02739726,17 Mar 25.00 (SDS1710C25),0,0,10,0.046,07-03-2017,17-03-2017,0.47,0,nan,25,nan,0,13.396
-0.007195533300307961,0,0.02739726,17 Mar 25.50 (SDS1710C25.5),0,0,10,0.046,07-03-2017,17-03-2017,0.5,0,nan,25.5,nan,0,13.396
12.438341148961237,0,0.02739726,17 Mar 1.00 (SDS1717C1),0,12.3,10,0.046,07-03-2017,17-03-2017,12.5,0,nan,1,nan,0,13.396
11.441196796995083,0,0.02739726,17 Mar 2.00 (SDS1717C2),0,9.6,10,0.046,07-03-2017,17-03-2017,12.85,0,nan,2,nan,0,13.396
10.415515267888496,0,0.02739726,17 Mar 3.00 (SDS1717C3),0,8.55,10,0.046,07-03-2017,17-03-2017,11.3,0,nan,3,nan,0,13.396
9.401628966141605,0,0.02739726,17 Mar 4.00 (SDS1717C4),0,8.6,10,0.046,07-03-2017,17-03-2017,10.75,0,nan,4,nan,0,13.396
8.396896919047862,0,0.02739726,17 Mar 5.00 (SDS1717C5),0,7.2,10,0.046,07-03-2017,17-03-2017,9.85,0,nan,5,nan,0,13.396
7.4149038816092085,0,0.02739726,17 Mar 6.00 (SDS1717C6),0,7.05,10,0.046,07-03-2017,17-03-2017,7.75,0,nan,6,nan,0,13.396
6.885315722834068,0,0.02739726,17 Mar 6.50 (SDS1717C6.5),0,6.4,10,0.046,07-03-2017,17-03-2017,7.4,0,nan,6.5,nan,0,13.396
6.421747072157758,0,0.02739726,17 Mar 7.00 (SDS1717C7),0,6,10,0.046,07-03-2017,17-03-2017,6.8,0,nan,7,nan,0,13.396
5.885779316877805,0,0.02739726,17 Mar 7.50 (SDS1717C7.5),0,5.4,10,0.046,07-03-2017,17-03-2017,6.4,0,nan,7.5,nan,0,13.396
5.416235872184577,0,0.02739726,17 Mar 8.00 (SDS1717C8),0,5.1,10,0.046,07-03-2017,17-03-2017,5.85,0,nan,8,nan,0,13.396
4.42012899565492,0,0.02739726,17 Mar 9.00 (SDS1717C9),0,4.1,10,0.046,07-03-2017,17-03-2017,4.7,0,nan,9,nan,0,13.396
-0.024899169617304387,0.13,0.02739726,17 Mar 26.00 (SDS1717C26),0,0,10,0.046,07-03-2017,17-03-2017,0.48,6,nan,26,nan,0,13.396
0.0254923698505801,0.2,0.02739726,17 Mar 27.00 (SDS1717C27),0,0,10,0.046,07-03-2017,17-03-2017,0.49,5,nan,27,nan,0,13.396
0.051976306302286765,0.21,0.02739726,17 Mar 28.00 (SDS1717C28),0,0,10,0.046,07-03-2017,17-03-2017,0.47,14,nan,28,nan,0,13.396
-0.00698159327823839,0.16,0.02739726,17 Mar 29.00 (SDS1717C29),0,0,10,0.046,07-03-2017,17-03-2017,0.46,174,nan,29,nan,0,13.396
-0.00677328683760877,0.15,0.02739726,17 Mar 30.00 (SDS1717C30),0,0,10,0.046,07-03-2017,17-03-2017,0.47,233,nan,30,nan,0,13.396
0.05659497274762823,0.3,0.02739726,17 Mar 31.00 (SDS1717C31),0,0,10,0.046,07-03-2017,17-03-2017,0.47,4,nan,31,nan,0,13.396
0.052172444778584695,0.31,0.02739726,17 Mar 32.00 (SDS1717C32),0,0,10,0.046,07-03-2017,17-03-2017,0.48,3,nan,32,nan,0,13.396
-0.005629663155123286,0.02,0.02739726,17 Mar 33.00 (SDS1717C33),0,0,10,0.046,07-03-2017,17-03-2017,0.03,329,nan,33,nan,0,13.396
0.2571926182806701,0.15,1.868493151,18 Jan 35.00 (SDS1819A35),0,0.1,682,0.046,07-03-2017,18-01-2019,0.25,6154,nan,35,nan,0,13.396
