Last Sale,Heston_Call,Market_Vol,Calls,Vol,Bid,Open Int,Days,Date,Maturity Date,Ask,Error,Strike,Diff,Net,Heston_Vol,Stock
0,15.931448590479876,nan,17 Apr 1.00 (SPXU1721D1),0,14.8,0,30,18/03/17,17/04/17,16.7,0.0018144859047987615,1,0.082191781,0,nan,16.86
0,14.910998245719625,nan,17 Apr 2.00 (SPXU1721D2),0,12.6,0,30,18/03/17,17/04/17,16.3,0.00460998245719626,2,0.082191781,0,nan,16.86
0,13.898715069705183,nan,17 Apr 3.00 (SPXU1721D3),0,12.7,0,30,18/03/17,17/04/17,14.8,0.0014871506970518312,3,0.082191781,0,nan,16.86
0,12.890026686583226,nan,17 Apr 4.00 (SPXU1721D4),0,11.7,0,30,18/03/17,17/04/17,13.8,0.0014002668658322649,4,0.082191781,0,nan,16.86
0,11.883838007498888,nan,17 Apr 5.00 (SPXU1721D5),0,10.1,0,30,18/03/17,17/04/17,13.9,0.0011616199250111237,5,0.082191781,0,nan,16.86
0,10.878951739851232,nan,17 Apr 6.00 (SPXU1721D6),0,9.7,0,30,18/03/17,17/04/17,11.8,0.0012895173985123165,6,0.082191781,0,nan,16.86
0,9.875305939547273,nan,17 Apr 7.00 (SPXU1721D7),0,8.7,0,30,18/03/17,17/04/17,10.8,0.0012530593954727287,7,0.082191781,0,nan,16.86
0,8.872208629819479,nan,17 Apr 8.00 (SPXU1721D8),0,7.8,0,30,18/03/17,17/04/17,9.7,0.0012220862981947888,8,0.082191781,0,nan,16.86
0,7.86972950425641,nan,17 Apr 9.00 (SPXU1721D9),0,5.7,0,30,18/03/17,17/04/17,9.4,0.0031972950425640965,9,0.082191781,0,nan,16.86
0,6.867588556491606,nan,17 Apr 10.00 (SPXU1721D10),0,6.3,0,30,18/03/17,17/04/17,7.2,0.0011758855649160616,10,0.082191781,0,nan,16.86
0,5.86569829375224,nan,17 Apr 11.00 (SPXU1721D11),0,3.6,0,30,18/03/17,17/04/17,7,0.005656982937522406,11,0.082191781,0,nan,16.86
0,4.864984869696425,nan,17 Apr 12.00 (SPXU1721D12),0,4.1,0,30,18/03/17,17/04/17,5.4,0.0011498486969642484,12,0.082191781,0,nan,16.86
0,3.8663532880477725,3.0011591054334588,17 Apr 13.00 (SPXU1721D13),0,1.5,0,30,18/03/17,17/04/17,5,0.006163532880477725,13,0.082191781,0,nan,16.86
0,2.8772985583783157,2.264580500616382,17 Apr 14.00 (SPXU1721D14),0,0.6,0,30,18/03/17,17/04/17,4.7,0.002272985583783158,14,0.082191781,0,2.4067948479411787,16.86
1.75,1.9303775534586265,1.4977965304351102,17 Apr 15.00 (SPXU1721D15),2,1.75,595,30,18/03/17,17/04/17,2,0.000553775534586265,15,0.082191781,-0.1,1.5301256839890751,16.86
0.95,1.0964335416447533,0.713098930536146,17 Apr 16.00 (SPXU1721D16),23,0.85,684,30,18/03/17,17/04/17,1.05,0.0014643354164475331,16,0.082191781,-0.1,0.7938728310434836,16.86
0.45,0.4826998040374839,0.2080100123533441,17 Apr 17.00 (SPXU1721D17),1133,0.45,483,30,18/03/17,17/04/17,0.5,7.699804037483937e-05,17,0.082191781,-0.06,0.21202486624188427,16.86
0.25,0.14500320376046139,nan,17 Apr 18.00 (SPXU1721D18),723,0.25,677,30,18/03/17,17/04/17,0.3,0.0012999679623953864,18,0.082191781,0,nan,16.86
0.15,0.026389338113680272,nan,17 Apr 19.00 (SPXU1721D19),17,0.1,372,30,18/03/17,17/04/17,0.2,0.0012361066188631975,19,0.082191781,-0.05,nan,16.86
0.1,0.0031176668833407667,-1.0120270132577347,17 Apr 20.00 (SPXU1721D20),0,0,349,30,18/03/17,17/04/17,0.2,0.0009688233311665924,20,0.082191781,0,-0.5570687182013367,16.86
0.15,0.001631387747694598,nan,17 Apr 21.00 (SPXU1721D21),0,0,3,30,18/03/17,17/04/17,0.15,0.000733686122523054,21,0.082191781,0,nan,16.86
0,0.00272196007245408,nan,17 Apr 22.00 (SPXU1721D22),0,0,0,30,18/03/17,17/04/17,0.2,0.0009727803992754593,22,0.082191781,0,nan,16.86
0.15,0.0029051251128013426,nan,17 Apr 23.00 (SPXU1721D23),0,0,1,30,18/03/17,17/04/17,0.25,0.0012209487488719865,23,0.082191781,0,nan,16.86
0.05,0.0042626454871280955,nan,17 Apr 24.00 (SPXU1721D24),0,0,14,30,18/03/17,17/04/17,0.25,0.001207373545128719,24,0.082191781,0,nan,16.86
0,0.005679021962657599,nan,17 Apr 25.00 (SPXU1721D25),0,0,0,30,18/03/17,17/04/17,0.3,0.0014432097803734239,25,0.082191781,0,nan,16.86
0,0.006185343401246376,nan,17 Apr 26.00 (SPXU1721D26),0,0,0,30,18/03/17,17/04/17,0.3,0.001438146565987536,26,0.082191781,0,nan,16.86
0.05,0.00770185329968647,nan,17 Apr 27.00 (SPXU1721D27),0,0,2,30,18/03/17,17/04/17,0.25,0.0011729814670031354,27,0.082191781,0,nan,16.86
0,0.00967782174519143,nan,17 Apr 28.00 (SPXU1721D28),0,0,0,30,18/03/17,17/04/17,0.35,0.0016532217825480854,28,0.082191781,0,nan,16.86
0,0.010662977673255887,nan,17 Apr 29.00 (SPXU1721D29),0,0,0,30,18/03/17,17/04/17,0.3,0.001393370223267441,29,0.082191781,0,nan,16.86
0,0.011850073059291356,nan,17 Apr 30.00 (SPXU1721D30),0,0,0,30,18/03/17,17/04/17,0.3,0.0013814992694070863,30,0.082191781,0,nan,16.86
0,0.014113940496710997,nan,17 Apr 31.00 (SPXU1721D31),0,0,0,30,18/03/17,17/04/17,0.35,0.0016088605950328899,31,0.082191781,0,nan,16.86
0,0.016153954524531586,nan,17 Apr 32.00 (SPXU1721D32),0,0,0,30,18/03/17,17/04/17,0.25,0.001088460454754684,32,0.082191781,0,nan,16.86
0,0.017360249308798804,nan,17 Apr 33.00 (SPXU1721D33),0,0,0,30,18/03/17,17/04/17,0.3,0.0013263975069120117,33,0.082191781,0,nan,16.86
0,0.01891646424867507,nan,17 Apr 34.00 (SPXU1721D34),0,0,0,30,18/03/17,17/04/17,0.2,0.0008108353575132493,34,0.082191781,0,nan,16.86
0,0.02142382957280447,nan,17 Apr 35.00 (SPXU1721D35),0,0,0,30,18/03/17,17/04/17,0.1,0.00028576170427195536,35,0.082191781,0,nan,16.86
1.1,0.02410673441758644,nan,17 Jun 36.00 (SPXU1716F36),0,0,5,91,18/03/17,17/06/17,0.25,0.0010089326558241356,36,0.249315068,0,nan,16.86
0.1,0.026209089615381938,nan,17 Jun 37.00 (SPXU1716F37),0,0,2,91,18/03/17,17/06/17,0.15,0.0004879091038461806,37,0.249315068,0,nan,16.86
0.1,0.028369646087344432,nan,17 Jun 38.00 (SPXU1716F38),0,0,132,91,18/03/17,17/06/17,0.25,0.0009663035391265556,38,0.249315068,0,nan,16.86
0,0.030594878113938195,nan,17 Jun 39.00 (SPXU1716F39),0,0,0,91,18/03/17,17/06/17,0.25,0.000944051218860618,39,0.249315068,0,nan,16.86
0.65,0.26136743906373433,nan,18 Jan 40.00 (SPXU1819A40),0,0.05,72,671,18/03/17,18/01/19,0.9,0.0021363256093626572,40,1.838356164,0,nan,16.86
0,0.26945612958589277,nan,18 Jan 41.00 (SPXU1819A41),0,0.05,0,671,18/03/17,18/01/19,0.95,0.002305438704141072,41,1.838356164,0,nan,16.86
1.8,0.2768353887167819,nan,18 Jan 42.00 (SPXU1819A42),0,0.05,30,671,18/03/17,18/01/19,0.95,0.0022316461128321806,42,1.838356164,0,nan,16.86
0.5,0.2830256412038019,nan,18 Jan 43.00 (SPXU1819A43),7,0,34,671,18/03/17,18/01/19,0.8,0.0011697435879619812,43,1.838356164,-0.1,nan,16.86
12.33,0.28765846924557814,nan,18 Jan 44.00 (SPXU1819A44),0,0,20,671,18/03/17,18/01/19,0.85,0.0013734153075442184,44,1.838356164,0,nan,16.86
0.45,0.2904640325648742,nan,18 Jan 45.00 (SPXU1819A45),10,0,178,671,18/03/17,18/01/19,0.95,0.001845359674351258,45,1.838356164,-0.05,nan,16.86
0.75,0.27309462255741357,nan,18 Jan 50.00 (SPXU1819A50),0,0,155,671,18/03/17,18/01/19,0.85,0.0015190537744258642,50,1.838356164,0,nan,16.86
1.95,0.2074829553164886,nan,18 Jan 55.00 (SPXU1819A55),0,0,26,671,18/03/17,18/01/19,0.95,0.0026751704468351133,55,1.838356164,0,nan,16.86
0.3,0.11314042907253404,nan,18 Jan 60.00 (SPXU1819A60),0,0.25,1396,671,18/03/17,18/01/19,0.3,0.00161859570927466,60,1.838356164,0,nan,16.86
